{
    "variables" : {
        "region" : "AWS REGION",
        "aws_profile": "AWS PROFILE",
        "source_ami" : "AMAZON LINUX AMI 2 ID",
        "instance_type": "INSTANCE TYPE"
    },
    "builders" : [
        {
            "type" : "amazon-ebs",
            "profile" : "{{user `aws_profile`}}",
            "region" : "{{user `region`}}",
            "instance_type" : "{{user `instance_type`}}",
            "source_ami" : "{{user `source_ami`}}",
            "ssh_username" : "ec2-user",
            "ami_name" : "jenkins-worker1",
            "ami_description" : "Jenkins worker's AMI with Sonar Scanner",
            "run_tags" : {
                "Name" : "packer-builder"
            }
        }
    ],
    "provisioners" : [
        {
            "type" : "shell",
            "script" : "./setup.sh",
            "execute_command" : "sudo -E -S sh '{{ .Path }}'"
        }
    ]
}