{
    "variables" : {
        "region" : "AWS REGION",
        "aws_profile": "AWS PROFILE",
        "source_ami" : "AMAZON LINUX AMI 2 ID",
        "instance_type": "INSTANCE TYPE",
        "service_account" : "SERVICE ACCOUNT FILE",
        "project": "GCP PROJECT ID",
        "zone": "ZONE ID",
        "subscription_id" : "SUBSCRIPTION ID",
        "client_id": "CLIENT ID",
        "client_secret": "CLIENT SECRET",
        "tenant_id": "TENANT ID",
        "resource_group": "RESOURCE GROUP NAME",
        "location": "LOCATION NAME",
        "ssh_key": "PRIVATE SSH KEY PATH"
    },
    "builders" : [
        {
            "type" : "amazon-ebs",
            "profile" : "{{user `aws_profile`}}",
            "region" : "{{user `region`}}",
            "instance_type" : "{{user `instance_type`}}",
            "source_ami" : "{{user `source_ami`}}",
            "ssh_username" : "ec2-user",
            "ami_name" : "jenkins-master-2.204.1",
            "ami_description" : "Amazon Linux Image with Jenkins Server",
        },
        {
            "type": "azure-arm",
            "subscription_id": "{{user `subscription_id`}}",
            "client_id": "{{user `client_id`}}",
            "client_secret": "{{user `client_secret`}}",
            "tenant_id": "{{user `tenant_id`}}",
            "managed_image_resource_group_name": "{{user `resource_group`}}",
            "managed_image_name": "jenkins-master-v22041",
            "os_type": "Linux",
            "image_publisher": "OpenLogic",
            "image_offer": "CentOS",
            "image_sku": "8.0",
            "location": "{{user `location`}}",
            "vm_size": "Standard_B1ms"
        },
        {
            "type": "googlecompute",
            "image_name" : "jenkins-master-v22041",
            "account_file": "{{user `service_account`}}",
            "project_id": "{{user `project`}}",
            "source_image_family": "centos-8",
            "ssh_username": "packer",
            "zone": "{{user `zone`}}"
        }
    ],
    "provisioners" : [
        {
            "type" : "shell",
            "script" : "./setup.sh",
            "execute_command" : "sudo -E -S sh '{{ .Path }}'"
        }
    ]
}