<?xml version="1.0" encoding="UTF-8"?>
<org.jenkinsci.plugins.workflow.multibranch.WorkflowMultiBranchProject plugin="workflow-multibranch@2.21">
   <actions />
   <description>Responsible for loading movies from JSON file and pushing them to SQS</description>
   <displayName>movies-loader</displayName>
   <properties>
      <org.jenkinsci.plugins.pipeline.modeldefinition.config.FolderConfig plugin="pipeline-model-definition@1.5.0">
         <dockerLabel />
         <registry plugin="docker-commons@1.16" />
      </org.jenkinsci.plugins.pipeline.modeldefinition.config.FolderConfig>
      <org.jenkinsci.plugins.configfiles.folder.FolderConfigFileProperty plugin="config-file-provider@3.6.3">
         <configs class="sorted-set">
            <comparator class="org.jenkinsci.plugins.configfiles.ConfigByIdComparator" />
         </configs>
      </org.jenkinsci.plugins.configfiles.folder.FolderConfigFileProperty>
   </properties>
   <folderViews class="jenkins.branch.MultiBranchProjectViewHolder" plugin="branch-api@2.5.5">
      <owner class="org.jenkinsci.plugins.workflow.multibranch.WorkflowMultiBranchProject" reference="../.." />
   </folderViews>
   <healthMetrics>
      <com.cloudbees.hudson.plugins.folder.health.WorstChildHealthMetric plugin="cloudbees-folder@6.10.1">
         <nonRecursive>false</nonRecursive>
      </com.cloudbees.hudson.plugins.folder.health.WorstChildHealthMetric>
   </healthMetrics>
   <icon class="jenkins.branch.MetadataActionFolderIcon" plugin="branch-api@2.5.5">
      <owner class="org.jenkinsci.plugins.workflow.multibranch.WorkflowMultiBranchProject" reference="../.." />
   </icon>
   <orphanedItemStrategy class="com.cloudbees.hudson.plugins.folder.computed.DefaultOrphanedItemStrategy" plugin="cloudbees-folder@6.10.1">
      <pruneDeadBranches>true</pruneDeadBranches>
      <daysToKeep>-1</daysToKeep>
      <numToKeep>-1</numToKeep>
   </orphanedItemStrategy>
   <triggers />
   <disabled>false</disabled>
   <sources class="jenkins.branch.MultiBranchProject$BranchSourceList" plugin="branch-api@2.5.5">
      <data>
         <jenkins.branch.BranchSource>
            <source class="org.jenkinsci.plugins.github_branch_source.GitHubSCMSource" plugin="github-branch-source@2.5.8">
               <id>bf197dad-7d42-4a00-be25-7ae8ea7fef15</id>
               <apiUri>https://api.github.com</apiUri>
               <credentialsId>github</credentialsId>
               <repoOwner>mlabouardy</repoOwner>
               <repository>movies-loader</repository>
               <repositoryUrl>https://github.com/mlabouardy/movies-loader.git</repositoryUrl>
               <traits>
                  <org.jenkinsci.plugins.github__branch__source.BranchDiscoveryTrait>
                     <strategyId>1</strategyId>
                  </org.jenkinsci.plugins.github__branch__source.BranchDiscoveryTrait>
               </traits>
            </source>
            <strategy class="jenkins.branch.DefaultBranchPropertyStrategy">
               <properties class="empty-list" />
            </strategy>
         </jenkins.branch.BranchSource>
      </data>
      <owner class="org.jenkinsci.plugins.workflow.multibranch.WorkflowMultiBranchProject" reference="../.." />
   </sources>
   <factory class="org.jenkinsci.plugins.workflow.multibranch.WorkflowBranchProjectFactory">
      <owner class="org.jenkinsci.plugins.workflow.multibranch.WorkflowMultiBranchProject" reference="../.." />
      <scriptPath>Jenkinsfile</scriptPath>
   </factory>
</org.jenkinsci.plugins.workflow.multibranch.WorkflowMultiBranchProject>