{
    "variables": {
        "region": "AWS REGION",
        "aws_profile": "AWS PROFILE ID",
        "source_ami": "Amazon Linux AMI 2 ID",
        "instance_type": "EC2 INSTANCE TYPE"
    },
    "builders": [
        {
            "type": "amazon-ebs",
            "profile": "{{user `aws_profile`}}",
            "region": "{{user `region`}}",
            "instance_type": "{{user `instance_type`}}",
            "source_ami": "{{user `source_ami`}}",
            "ssh_username": "ec2-user",
            "ami_name": "sonarqube-8.2.0.32929",
            "ami_description": "SonarQube community edition"
        }
    ],
    "provisioners": [
        {
            "type": "file",
            "source": "sonar.init.d",
            "destination": "/tmp/"
        },
        {
            "type": "shell",
            "script": "./setup.sh",
            "execute_command": "sudo -E -S sh '{{ .Path }}'"
        }
    ]
}