{
    "attributes": {
        "fields": "[{\"name\":\"@timestamp\",\"type\":\"date\",\"esTypes\":[\"date\"],\"count\":0,\"scripted\":false,\"searchable\":true,\"aggregatable\":true,\"readFromDocValues\":true},{\"name\":\"@version\",\"type\":\"string\",\"esTypes\":[\"text\"],\"count\":0,\"scripted\":false,\"searchable\":true,\"aggregatable\":false,\"readFromDocValues\":false},{\"name\":\"@version.keyword\",\"type\":\"string\",\"esTypes\":[\"keyword\"],\"count\":0,\"scripted\":false,\"searchable\":true,\"aggregatable\":true,\"readFromDocValues\":true,\"subType\":{\"multi\":{\"parent\":\"@version\"}}},{\"name\":\"_id\",\"type\":\"string\",\"esTypes\":[\"_id\"],\"count\":0,\"scripted\":false,\"searchable\":true,\"aggregatable\":true,\"readFromDocValues\":false},{\"name\":\"_index\",\"type\":\"string\",\"esTypes\":[\"_index\"],\"count\":0,\"scripted\":false,\"searchable\":true,\"aggregatable\":true,\"readFromDocValues\":false},{\"name\":\"_score\",\"type\":\"number\",\"count\":0,\"scripted\":false,\"searchable\":false,\"aggregatable\":false,\"readFromDocValues\":false},{\"name\":\"_source\",\"type\":\"_source\",\"esTypes\":[\"_source\"],\"count\":0,\"scripted\":false,\"searchable\":false,\"aggregatable\":false,\"readFromDocValues\":false},{\"name\":\"_type\",\"type\":\"string\",\"esTypes\":[\"_type\"],\"count\":0,\"scripted\":false,\"searchable\":true,\"aggregatable\":true,\"readFromDocValues\":false},{\"name\":\"agent.ephemeral_id\",\"type\":\"string\",\"esTypes\":[\"text\"],\"count\":0,\"scripted\":false,\"searchable\":true,\"aggregatable\":false,\"readFromDocValues\":false},{\"name\":\"agent.ephemeral_id.keyword\",\"type\":\"string\",\"esTypes\":[\"keyword\"],\"count\":0,\"scripted\":false,\"searchable\":true,\"aggregatable\":true,\"readFromDocValues\":true,\"subType\":{\"multi\":{\"parent\":\"agent.ephemeral_id\"}}},{\"name\":\"agent.hostname\",\"type\":\"string\",\"esTypes\":[\"text\"],\"count\":0,\"scripted\":false,\"searchable\":true,\"aggregatable\":false,\"readFromDocValues\":false},{\"name\":\"agent.hostname.keyword\",\"type\":\"string\",\"esTypes\":[\"keyword\"],\"count\":0,\"scripted\":false,\"searchable\":true,\"aggregatable\":true,\"readFromDocValues\":true,\"subType\":{\"multi\":{\"parent\":\"agent.hostname\"}}},{\"name\":\"agent.id\",\"type\":\"string\",\"esTypes\":[\"text\"],\"count\":0,\"scripted\":false,\"searchable\":true,\"aggregatable\":false,\"readFromDocValues\":false},{\"name\":\"agent.id.keyword\",\"type\":\"string\",\"esTypes\":[\"keyword\"],\"count\":0,\"scripted\":false,\"searchable\":true,\"aggregatable\":true,\"readFromDocValues\":true,\"subType\":{\"multi\":{\"parent\":\"agent.id\"}}},{\"name\":\"agent.type\",\"type\":\"string\",\"esTypes\":[\"text\"],\"count\":0,\"scripted\":false,\"searchable\":true,\"aggregatable\":false,\"readFromDocValues\":false},{\"name\":\"agent.type.keyword\",\"type\":\"string\",\"esTypes\":[\"keyword\"],\"count\":0,\"scripted\":false,\"searchable\":true,\"aggregatable\":true,\"readFromDocValues\":true,\"subType\":{\"multi\":{\"parent\":\"agent.type\"}}},{\"name\":\"agent.version\",\"type\":\"string\",\"esTypes\":[\"text\"],\"count\":0,\"scripted\":false,\"searchable\":true,\"aggregatable\":false,\"readFromDocValues\":false},{\"name\":\"agent.version.keyword\",\"type\":\"string\",\"esTypes\":[\"keyword\"],\"count\":0,\"scripted\":false,\"searchable\":true,\"aggregatable\":true,\"readFromDocValues\":true,\"subType\":{\"multi\":{\"parent\":\"agent.version\"}}},{\"name\":\"buildId\",\"type\":\"string\",\"esTypes\":[\"text\"],\"count\":0,\"scripted\":false,\"searchable\":true,\"aggregatable\":false,\"readFromDocValues\":false},{\"name\":\"buildId.keyword\",\"type\":\"string\",\"esTypes\":[\"keyword\"],\"count\":0,\"scripted\":false,\"searchable\":true,\"aggregatable\":true,\"readFromDocValues\":true,\"subType\":{\"multi\":{\"parent\":\"buildId\"}}},{\"name\":\"buildNumber\",\"type\":\"string\",\"esTypes\":[\"text\"],\"count\":0,\"scripted\":false,\"searchable\":true,\"aggregatable\":false,\"readFromDocValues\":false},{\"name\":\"buildNumber.keyword\",\"type\":\"string\",\"esTypes\":[\"keyword\"],\"count\":0,\"scripted\":false,\"searchable\":true,\"aggregatable\":true,\"readFromDocValues\":true,\"subType\":{\"multi\":{\"parent\":\"buildNumber\"}}},{\"name\":\"class\",\"type\":\"string\",\"esTypes\":[\"text\"],\"count\":0,\"scripted\":false,\"searchable\":true,\"aggregatable\":false,\"readFromDocValues\":false},{\"name\":\"class.keyword\",\"type\":\"string\",\"esTypes\":[\"keyword\"],\"count\":0,\"scripted\":false,\"searchable\":true,\"aggregatable\":true,\"readFromDocValues\":true,\"subType\":{\"multi\":{\"parent\":\"class\"}}},{\"name\":\"cloud.account.id\",\"type\":\"string\",\"esTypes\":[\"text\"],\"count\":0,\"scripted\":false,\"searchable\":true,\"aggregatable\":false,\"readFromDocValues\":false},{\"name\":\"cloud.account.id.keyword\",\"type\":\"string\",\"esTypes\":[\"keyword\"],\"count\":0,\"scripted\":false,\"searchable\":true,\"aggregatable\":true,\"readFromDocValues\":true,\"subType\":{\"multi\":{\"parent\":\"cloud.account.id\"}}},{\"name\":\"cloud.availability_zone\",\"type\":\"string\",\"esTypes\":[\"text\"],\"count\":0,\"scripted\":false,\"searchable\":true,\"aggregatable\":false,\"readFromDocValues\":false},{\"name\":\"cloud.availability_zone.keyword\",\"type\":\"string\",\"esTypes\":[\"keyword\"],\"count\":0,\"scripted\":false,\"searchable\":true,\"aggregatable\":true,\"readFromDocValues\":true,\"subType\":{\"multi\":{\"parent\":\"cloud.availability_zone\"}}},{\"name\":\"cloud.image.id\",\"type\":\"string\",\"esTypes\":[\"text\"],\"count\":0,\"scripted\":false,\"searchable\":true,\"aggregatable\":false,\"readFromDocValues\":false},{\"name\":\"cloud.image.id.keyword\",\"type\":\"string\",\"esTypes\":[\"keyword\"],\"count\":0,\"scripted\":false,\"searchable\":true,\"aggregatable\":true,\"readFromDocValues\":true,\"subType\":{\"multi\":{\"parent\":\"cloud.image.id\"}}},{\"name\":\"cloud.instance.id\",\"type\":\"string\",\"esTypes\":[\"text\"],\"count\":0,\"scripted\":false,\"searchable\":true,\"aggregatable\":false,\"readFromDocValues\":false},{\"name\":\"cloud.instance.id.keyword\",\"type\":\"string\",\"esTypes\":[\"keyword\"],\"count\":0,\"scripted\":false,\"searchable\":true,\"aggregatable\":true,\"readFromDocValues\":true,\"subType\":{\"multi\":{\"parent\":\"cloud.instance.id\"}}},{\"name\":\"cloud.machine.type\",\"type\":\"string\",\"esTypes\":[\"text\"],\"count\":0,\"scripted\":false,\"searchable\":true,\"aggregatable\":false,\"readFromDocValues\":false},{\"name\":\"cloud.machine.type.keyword\",\"type\":\"string\",\"esTypes\":[\"keyword\"],\"count\":0,\"scripted\":false,\"searchable\":true,\"aggregatable\":true,\"readFromDocValues\":true,\"subType\":{\"multi\":{\"parent\":\"cloud.machine.type\"}}},{\"name\":\"cloud.provider\",\"type\":\"string\",\"esTypes\":[\"text\"],\"count\":0,\"scripted\":false,\"searchable\":true,\"aggregatable\":false,\"readFromDocValues\":false},{\"name\":\"cloud.provider.keyword\",\"type\":\"string\",\"esTypes\":[\"keyword\"],\"count\":0,\"scripted\":false,\"searchable\":true,\"aggregatable\":true,\"readFromDocValues\":true,\"subType\":{\"multi\":{\"parent\":\"cloud.provider\"}}},{\"name\":\"cloud.region\",\"type\":\"string\",\"esTypes\":[\"text\"],\"count\":0,\"scripted\":false,\"searchable\":true,\"aggregatable\":false,\"readFromDocValues\":false},{\"name\":\"cloud.region.keyword\",\"type\":\"string\",\"esTypes\":[\"keyword\"],\"count\":0,\"scripted\":false,\"searchable\":true,\"aggregatable\":true,\"readFromDocValues\":true,\"subType\":{\"multi\":{\"parent\":\"cloud.region\"}}},{\"name\":\"createdAt\",\"type\":\"string\",\"esTypes\":[\"text\"],\"count\":0,\"scripted\":false,\"searchable\":true,\"aggregatable\":false,\"readFromDocValues\":false},{\"name\":\"createdAt.keyword\",\"type\":\"string\",\"esTypes\":[\"keyword\"],\"count\":0,\"scripted\":false,\"searchable\":true,\"aggregatable\":true,\"readFromDocValues\":true,\"subType\":{\"multi\":{\"parent\":\"createdAt\"}}},{\"name\":\"ecs.version\",\"type\":\"string\",\"esTypes\":[\"text\"],\"count\":0,\"scripted\":false,\"searchable\":true,\"aggregatable\":false,\"readFromDocValues\":false},{\"name\":\"ecs.version.keyword\",\"type\":\"string\",\"esTypes\":[\"keyword\"],\"count\":0,\"scripted\":false,\"searchable\":true,\"aggregatable\":true,\"readFromDocValues\":true,\"subType\":{\"multi\":{\"parent\":\"ecs.version\"}}},{\"name\":\"execution\",\"type\":\"string\",\"esTypes\":[\"text\"],\"count\":0,\"scripted\":false,\"searchable\":true,\"aggregatable\":false,\"readFromDocValues\":false},{\"name\":\"execution.keyword\",\"type\":\"string\",\"esTypes\":[\"keyword\"],\"count\":0,\"scripted\":false,\"searchable\":true,\"aggregatable\":true,\"readFromDocValues\":true,\"subType\":{\"multi\":{\"parent\":\"execution\"}}},{\"name\":\"fields.type\",\"type\":\"string\",\"esTypes\":[\"text\"],\"count\":0,\"scripted\":false,\"searchable\":true,\"aggregatable\":false,\"readFromDocValues\":false},{\"name\":\"fields.type.keyword\",\"type\":\"string\",\"esTypes\":[\"keyword\"],\"count\":0,\"scripted\":false,\"searchable\":true,\"aggregatable\":true,\"readFromDocValues\":true,\"subType\":{\"multi\":{\"parent\":\"fields.type\"}}},{\"name\":\"host.architecture\",\"type\":\"string\",\"esTypes\":[\"text\"],\"count\":0,\"scripted\":false,\"searchable\":true,\"aggregatable\":false,\"readFromDocValues\":false},{\"name\":\"host.architecture.keyword\",\"type\":\"string\",\"esTypes\":[\"keyword\"],\"count\":0,\"scripted\":false,\"searchable\":true,\"aggregatable\":true,\"readFromDocValues\":true,\"subType\":{\"multi\":{\"parent\":\"host.architecture\"}}},{\"name\":\"host.containerized\",\"type\":\"boolean\",\"esTypes\":[\"boolean\"],\"count\":0,\"scripted\":false,\"searchable\":true,\"aggregatable\":true,\"readFromDocValues\":true},{\"name\":\"host.hostname\",\"type\":\"string\",\"esTypes\":[\"text\"],\"count\":0,\"scripted\":false,\"searchable\":true,\"aggregatable\":false,\"readFromDocValues\":false},{\"name\":\"host.hostname.keyword\",\"type\":\"string\",\"esTypes\":[\"keyword\"],\"count\":0,\"scripted\":false,\"searchable\":true,\"aggregatable\":true,\"readFromDocValues\":true,\"subType\":{\"multi\":{\"parent\":\"host.hostname\"}}},{\"name\":\"host.id\",\"type\":\"string\",\"esTypes\":[\"text\"],\"count\":0,\"scripted\":false,\"searchable\":true,\"aggregatable\":false,\"readFromDocValues\":false},{\"name\":\"host.id.keyword\",\"type\":\"string\",\"esTypes\":[\"keyword\"],\"count\":0,\"scripted\":false,\"searchable\":true,\"aggregatable\":true,\"readFromDocValues\":true,\"subType\":{\"multi\":{\"parent\":\"host.id\"}}},{\"name\":\"host.ip\",\"type\":\"string\",\"esTypes\":[\"text\"],\"count\":0,\"scripted\":false,\"searchable\":true,\"aggregatable\":false,\"readFromDocValues\":false},{\"name\":\"host.ip.keyword\",\"type\":\"string\",\"esTypes\":[\"keyword\"],\"count\":0,\"scripted\":false,\"searchable\":true,\"aggregatable\":true,\"readFromDocValues\":true,\"subType\":{\"multi\":{\"parent\":\"host.ip\"}}},{\"name\":\"host.mac\",\"type\":\"string\",\"esTypes\":[\"text\"],\"count\":0,\"scripted\":false,\"searchable\":true,\"aggregatable\":false,\"readFromDocValues\":false},{\"name\":\"host.mac.keyword\",\"type\":\"string\",\"esTypes\":[\"keyword\"],\"count\":0,\"scripted\":false,\"searchable\":true,\"aggregatable\":true,\"readFromDocValues\":true,\"subType\":{\"multi\":{\"parent\":\"host.mac\"}}},{\"name\":\"host.name\",\"type\":\"string\",\"esTypes\":[\"text\"],\"count\":0,\"scripted\":false,\"searchable\":true,\"aggregatable\":false,\"readFromDocValues\":false},{\"name\":\"host.name.keyword\",\"type\":\"string\",\"esTypes\":[\"keyword\"],\"count\":0,\"scripted\":false,\"searchable\":true,\"aggregatable\":true,\"readFromDocValues\":true,\"subType\":{\"multi\":{\"parent\":\"host.name\"}}},{\"name\":\"host.os.family\",\"type\":\"string\",\"esTypes\":[\"text\"],\"count\":0,\"scripted\":false,\"searchable\":true,\"aggregatable\":false,\"readFromDocValues\":false},{\"name\":\"host.os.family.keyword\",\"type\":\"string\",\"esTypes\":[\"keyword\"],\"count\":0,\"scripted\":false,\"searchable\":true,\"aggregatable\":true,\"readFromDocValues\":true,\"subType\":{\"multi\":{\"parent\":\"host.os.family\"}}},{\"name\":\"host.os.kernel\",\"type\":\"string\",\"esTypes\":[\"text\"],\"count\":0,\"scripted\":false,\"searchable\":true,\"aggregatable\":false,\"readFromDocValues\":false},{\"name\":\"host.os.kernel.keyword\",\"type\":\"string\",\"esTypes\":[\"keyword\"],\"count\":0,\"scripted\":false,\"searchable\":true,\"aggregatable\":true,\"readFromDocValues\":true,\"subType\":{\"multi\":{\"parent\":\"host.os.kernel\"}}},{\"name\":\"host.os.name\",\"type\":\"string\",\"esTypes\":[\"text\"],\"count\":0,\"scripted\":false,\"searchable\":true,\"aggregatable\":false,\"readFromDocValues\":false},{\"name\":\"host.os.name.keyword\",\"type\":\"string\",\"esTypes\":[\"keyword\"],\"count\":0,\"scripted\":false,\"searchable\":true,\"aggregatable\":true,\"readFromDocValues\":true,\"subType\":{\"multi\":{\"parent\":\"host.os.name\"}}},{\"name\":\"host.os.platform\",\"type\":\"string\",\"esTypes\":[\"text\"],\"count\":0,\"scripted\":false,\"searchable\":true,\"aggregatable\":false,\"readFromDocValues\":false},{\"name\":\"host.os.platform.keyword\",\"type\":\"string\",\"esTypes\":[\"keyword\"],\"count\":0,\"scripted\":false,\"searchable\":true,\"aggregatable\":true,\"readFromDocValues\":true,\"subType\":{\"multi\":{\"parent\":\"host.os.platform\"}}},{\"name\":\"host.os.version\",\"type\":\"string\",\"esTypes\":[\"text\"],\"count\":0,\"scripted\":false,\"searchable\":true,\"aggregatable\":false,\"readFromDocValues\":false},{\"name\":\"host.os.version.keyword\",\"type\":\"string\",\"esTypes\":[\"keyword\"],\"count\":0,\"scripted\":false,\"searchable\":true,\"aggregatable\":true,\"readFromDocValues\":true,\"subType\":{\"multi\":{\"parent\":\"host.os.version\"}}},{\"name\":\"input.type\",\"type\":\"string\",\"esTypes\":[\"text\"],\"count\":0,\"scripted\":false,\"searchable\":true,\"aggregatable\":false,\"readFromDocValues\":false},{\"name\":\"input.type.keyword\",\"type\":\"string\",\"esTypes\":[\"keyword\"],\"count\":0,\"scripted\":false,\"searchable\":true,\"aggregatable\":true,\"readFromDocValues\":true,\"subType\":{\"multi\":{\"parent\":\"input.type\"}}},{\"name\":\"level\",\"type\":\"string\",\"esTypes\":[\"text\"],\"count\":0,\"scripted\":false,\"searchable\":true,\"aggregatable\":false,\"readFromDocValues\":false},{\"name\":\"level.keyword\",\"type\":\"string\",\"esTypes\":[\"keyword\"],\"count\":0,\"scripted\":false,\"searchable\":true,\"aggregatable\":true,\"readFromDocValues\":true,\"subType\":{\"multi\":{\"parent\":\"level\"}}},{\"name\":\"log.file.path\",\"type\":\"string\",\"esTypes\":[\"text\"],\"count\":0,\"scripted\":false,\"searchable\":true,\"aggregatable\":false,\"readFromDocValues\":false},{\"name\":\"log.file.path.keyword\",\"type\":\"string\",\"esTypes\":[\"keyword\"],\"count\":0,\"scripted\":false,\"searchable\":true,\"aggregatable\":true,\"readFromDocValues\":true,\"subType\":{\"multi\":{\"parent\":\"log.file.path\"}}},{\"name\":\"log.flags\",\"type\":\"string\",\"esTypes\":[\"text\"],\"count\":0,\"scripted\":false,\"searchable\":true,\"aggregatable\":false,\"readFromDocValues\":false},{\"name\":\"log.flags.keyword\",\"type\":\"string\",\"esTypes\":[\"keyword\"],\"count\":0,\"scripted\":false,\"searchable\":true,\"aggregatable\":true,\"readFromDocValues\":true,\"subType\":{\"multi\":{\"parent\":\"log.flags\"}}},{\"name\":\"log.offset\",\"type\":\"number\",\"esTypes\":[\"long\"],\"count\":0,\"scripted\":false,\"searchable\":true,\"aggregatable\":true,\"readFromDocValues\":true},{\"name\":\"message\",\"type\":\"string\",\"esTypes\":[\"text\"],\"count\":1,\"scripted\":false,\"searchable\":true,\"aggregatable\":false,\"readFromDocValues\":false},{\"name\":\"message.keyword\",\"type\":\"string\",\"esTypes\":[\"keyword\"],\"count\":0,\"scripted\":false,\"searchable\":true,\"aggregatable\":true,\"readFromDocValues\":true,\"subType\":{\"multi\":{\"parent\":\"message\"}}},{\"name\":\"project\",\"type\":\"string\",\"esTypes\":[\"text\"],\"count\":0,\"scripted\":false,\"searchable\":true,\"aggregatable\":false,\"readFromDocValues\":false},{\"name\":\"project.keyword\",\"type\":\"string\",\"esTypes\":[\"keyword\"],\"count\":0,\"scripted\":false,\"searchable\":true,\"aggregatable\":true,\"readFromDocValues\":true,\"subType\":{\"multi\":{\"parent\":\"project\"}}},{\"name\":\"state\",\"type\":\"string\",\"esTypes\":[\"text\"],\"count\":0,\"scripted\":false,\"searchable\":true,\"aggregatable\":false,\"readFromDocValues\":false},{\"name\":\"state.keyword\",\"type\":\"string\",\"esTypes\":[\"keyword\"],\"count\":0,\"scripted\":false,\"searchable\":true,\"aggregatable\":true,\"readFromDocValues\":true,\"subType\":{\"multi\":{\"parent\":\"state\"}}},{\"name\":\"status\",\"type\":\"string\",\"esTypes\":[\"text\"],\"count\":0,\"scripted\":false,\"searchable\":true,\"aggregatable\":false,\"readFromDocValues\":false},{\"name\":\"status.keyword\",\"type\":\"string\",\"esTypes\":[\"keyword\"],\"count\":0,\"scripted\":false,\"searchable\":true,\"aggregatable\":true,\"readFromDocValues\":true,\"subType\":{\"multi\":{\"parent\":\"status\"}}},{\"name\":\"tags\",\"type\":\"string\",\"esTypes\":[\"text\"],\"count\":0,\"scripted\":false,\"searchable\":true,\"aggregatable\":false,\"readFromDocValues\":false},{\"name\":\"tags.keyword\",\"type\":\"string\",\"esTypes\":[\"keyword\"],\"count\":0,\"scripted\":false,\"searchable\":true,\"aggregatable\":true,\"readFromDocValues\":true,\"subType\":{\"multi\":{\"parent\":\"tags\"}}},{\"name\":\"type\",\"type\":\"string\",\"esTypes\":[\"text\"],\"count\":0,\"scripted\":false,\"searchable\":true,\"aggregatable\":false,\"readFromDocValues\":false},{\"name\":\"type.keyword\",\"type\":\"string\",\"esTypes\":[\"keyword\"],\"count\":0,\"scripted\":false,\"searchable\":true,\"aggregatable\":true,\"readFromDocValues\":true,\"subType\":{\"multi\":{\"parent\":\"type\"}}}]",
        "timeFieldName": "@timestamp",
        "title": "jenkins-*"
    },
    "id": "fd7e75c0-a4e9-11ea-9f30-35dbdd11e68a",
    "migrationVersion": {
        "index-pattern": "7.6.0"
    },
    "references": [],
    "type": "index-pattern",
    "updated_at": "2020-06-02T16:30:16.020Z",
    "version": "WzIzOCwxXQ=="
}
{
    "attributes": {
        "description": "",
        "kibanaSavedObjectMeta": {
            "searchSourceJSON": "{\"query\":{\"query\":\"\",\"language\":\"kuery\"},\"filter\":[{\"$state\":{\"store\":\"appState\"},\"exists\":{\"field\":\"project\"},\"meta\":{\"alias\":null,\"disabled\":false,\"key\":\"project\",\"negate\":false,\"type\":\"exists\",\"value\":\"exists\",\"indexRefName\":\"kibanaSavedObjectMeta.searchSourceJSON.filter[0].meta.index\"}}],\"indexRefName\":\"kibanaSavedObjectMeta.searchSourceJSON.index\"}"
        },
        "title": "Jobs status",
        "uiStateJSON": "{}",
        "version": 1,
        "visState": "{\"type\":\"histogram\",\"aggs\":[{\"id\":\"1\",\"enabled\":true,\"type\":\"count\",\"schema\":\"metric\",\"params\":{}},{\"id\":\"2\",\"enabled\":true,\"type\":\"date_histogram\",\"schema\":\"segment\",\"params\":{\"field\":\"@timestamp\",\"timeRange\":{\"from\":\"now-15m\",\"to\":\"now\"},\"useNormalizedEsInterval\":true,\"scaleMetricValues\":false,\"interval\":\"auto\",\"drop_partials\":false,\"min_doc_count\":1,\"extended_bounds\":{}}},{\"id\":\"3\",\"enabled\":true,\"type\":\"terms\",\"schema\":\"group\",\"params\":{\"field\":\"status.keyword\",\"orderBy\":\"1\",\"order\":\"desc\",\"size\":5,\"otherBucket\":false,\"otherBucketLabel\":\"Other\",\"missingBucket\":false,\"missingBucketLabel\":\"Missing\"}}],\"params\":{\"type\":\"histogram\",\"grid\":{\"categoryLines\":false},\"categoryAxes\":[{\"id\":\"CategoryAxis-1\",\"type\":\"category\",\"position\":\"bottom\",\"show\":true,\"style\":{},\"scale\":{\"type\":\"linear\"},\"labels\":{\"show\":true,\"filter\":true,\"truncate\":100},\"title\":{}}],\"valueAxes\":[{\"id\":\"ValueAxis-1\",\"name\":\"LeftAxis-1\",\"type\":\"value\",\"position\":\"left\",\"show\":true,\"style\":{},\"scale\":{\"type\":\"linear\",\"mode\":\"normal\"},\"labels\":{\"show\":true,\"rotate\":0,\"filter\":false,\"truncate\":100},\"title\":{\"text\":\"Count\"}}],\"seriesParams\":[{\"show\":true,\"type\":\"histogram\",\"mode\":\"stacked\",\"data\":{\"label\":\"Count\",\"id\":\"1\"},\"valueAxis\":\"ValueAxis-1\",\"drawLinesBetweenPoints\":true,\"lineWidth\":2,\"showCircles\":true}],\"addTooltip\":true,\"addLegend\":true,\"legendPosition\":\"right\",\"times\":[],\"addTimeMarker\":false,\"labels\":{\"show\":false},\"thresholdLine\":{\"show\":false,\"value\":10,\"width\":1,\"style\":\"full\",\"color\":\"#E7664C\"}},\"title\":\"Jobs status\"}"
    },
    "id": "c87e8280-a4ed-11ea-9f30-35dbdd11e68a",
    "migrationVersion": {
        "visualization": "7.7.0"
    },
    "references": [
        {
            "id": "fd7e75c0-a4e9-11ea-9f30-35dbdd11e68a",
            "name": "kibanaSavedObjectMeta.searchSourceJSON.index",
            "type": "index-pattern"
        },
        {
            "id": "fd7e75c0-a4e9-11ea-9f30-35dbdd11e68a",
            "name": "kibanaSavedObjectMeta.searchSourceJSON.filter[0].meta.index",
            "type": "index-pattern"
        }
    ],
    "type": "visualization",
    "updated_at": "2020-06-02T16:26:16.616Z",
    "version": "WzIyMCwxXQ=="
}
{
    "attributes": {
        "description": "",
        "kibanaSavedObjectMeta": {
            "searchSourceJSON": "{\"query\":{\"query\":\"\",\"language\":\"kuery\"},\"filter\":[],\"indexRefName\":\"kibanaSavedObjectMeta.searchSourceJSON.index\"}"
        },
        "title": "Jenkins Jobs",
        "uiStateJSON": "{\"vis\":{\"params\":{\"sort\":{\"columnIndex\":null,\"direction\":null}}}}",
        "version": 1,
        "visState": "{\"type\":\"table\",\"aggs\":[{\"id\":\"1\",\"enabled\":true,\"type\":\"count\",\"schema\":\"metric\",\"params\":{\"customLabel\":\"Builds\"}},{\"id\":\"2\",\"enabled\":true,\"type\":\"terms\",\"schema\":\"bucket\",\"params\":{\"field\":\"project.keyword\",\"orderBy\":\"1\",\"order\":\"desc\",\"size\":10,\"otherBucket\":false,\"otherBucketLabel\":\"Other\",\"missingBucket\":false,\"missingBucketLabel\":\"Missing\",\"customLabel\":\"Project\"}}],\"params\":{\"perPage\":10,\"showPartialRows\":false,\"showMetricsAtAllLevels\":false,\"sort\":{\"columnIndex\":null,\"direction\":null},\"showTotal\":false,\"totalFunc\":\"sum\",\"percentageCol\":\"\"},\"title\":\"Jenkins Jobs\"}"
    },
    "id": "efb54460-a4ed-11ea-9f30-35dbdd11e68a",
    "migrationVersion": {
        "visualization": "7.7.0"
    },
    "references": [
        {
            "id": "fd7e75c0-a4e9-11ea-9f30-35dbdd11e68a",
            "name": "kibanaSavedObjectMeta.searchSourceJSON.index",
            "type": "index-pattern"
        }
    ],
    "type": "visualization",
    "updated_at": "2020-06-02T16:27:22.406Z",
    "version": "WzIyMSwxXQ=="
}
{
    "attributes": {
        "description": "",
        "kibanaSavedObjectMeta": {
            "searchSourceJSON": "{\"query\":{\"query\":\"\",\"language\":\"kuery\"},\"filter\":[{\"$state\":{\"store\":\"appState\"},\"exists\":{\"field\":\"project\"},\"meta\":{\"alias\":null,\"disabled\":false,\"key\":\"project\",\"negate\":false,\"type\":\"exists\",\"value\":\"exists\",\"indexRefName\":\"kibanaSavedObjectMeta.searchSourceJSON.filter[0].meta.index\"}}],\"indexRefName\":\"kibanaSavedObjectMeta.searchSourceJSON.index\"}"
        },
        "title": "Build status",
        "uiStateJSON": "{}",
        "version": 1,
        "visState": "{\"type\":\"pie\",\"aggs\":[{\"id\":\"1\",\"enabled\":true,\"type\":\"count\",\"schema\":\"metric\",\"params\":{}},{\"id\":\"2\",\"enabled\":true,\"type\":\"terms\",\"schema\":\"segment\",\"params\":{\"field\":\"status.keyword\",\"orderBy\":\"1\",\"order\":\"desc\",\"size\":5,\"otherBucket\":false,\"otherBucketLabel\":\"Other\",\"missingBucket\":false,\"missingBucketLabel\":\"Missing\"}}],\"params\":{\"type\":\"pie\",\"addTooltip\":true,\"addLegend\":true,\"legendPosition\":\"right\",\"isDonut\":true,\"labels\":{\"show\":false,\"values\":true,\"last_level\":true,\"truncate\":100}},\"title\":\"Build status\"}"
    },
    "id": "171e87f0-a4ee-11ea-9f30-35dbdd11e68a",
    "migrationVersion": {
        "visualization": "7.7.0"
    },
    "references": [
        {
            "id": "fd7e75c0-a4e9-11ea-9f30-35dbdd11e68a",
            "name": "kibanaSavedObjectMeta.searchSourceJSON.index",
            "type": "index-pattern"
        },
        {
            "id": "fd7e75c0-a4e9-11ea-9f30-35dbdd11e68a",
            "name": "kibanaSavedObjectMeta.searchSourceJSON.filter[0].meta.index",
            "type": "index-pattern"
        }
    ],
    "type": "visualization",
    "updated_at": "2020-06-02T16:28:28.527Z",
    "version": "WzIyNywxXQ=="
}
{
    "attributes": {
        "description": "",
        "kibanaSavedObjectMeta": {
            "searchSourceJSON": "{\"query\":{\"query\":\"\",\"language\":\"kuery\"},\"filter\":[{\"meta\":{\"type\":\"phrases\",\"key\":\"tags.keyword\",\"value\":\"_grokparsefailure\",\"params\":[\"_grokparsefailure\"],\"alias\":null,\"negate\":false,\"disabled\":false,\"indexRefName\":\"kibanaSavedObjectMeta.searchSourceJSON.filter[0].meta.index\"},\"query\":{\"bool\":{\"should\":[{\"match_phrase\":{\"tags.keyword\":\"_grokparsefailure\"}}],\"minimum_should_match\":1}},\"$state\":{\"store\":\"appState\"}}],\"indexRefName\":\"kibanaSavedObjectMeta.searchSourceJSON.index\"}"
        },
        "title": "Jenkins Logs",
        "uiStateJSON": "{\"vis\":{\"params\":{\"sort\":{\"columnIndex\":null,\"direction\":null}}}}",
        "version": 1,
        "visState": "{\"type\":\"table\",\"aggs\":[{\"id\":\"1\",\"enabled\":true,\"type\":\"count\",\"schema\":\"metric\",\"params\":{}},{\"id\":\"2\",\"enabled\":true,\"type\":\"terms\",\"schema\":\"bucket\",\"params\":{\"field\":\"message.keyword\",\"orderBy\":\"1\",\"order\":\"desc\",\"size\":10,\"otherBucket\":false,\"otherBucketLabel\":\"Other\",\"missingBucket\":false,\"missingBucketLabel\":\"Missing\"}}],\"params\":{\"perPage\":10,\"showPartialRows\":false,\"showMetricsAtAllLevels\":false,\"sort\":{\"columnIndex\":null,\"direction\":null},\"showTotal\":false,\"totalFunc\":\"sum\",\"percentageCol\":\"\"},\"title\":\"Jenkins Logs\"}"
    },
    "id": "9f3e1880-a4ee-11ea-9f30-35dbdd11e68a",
    "migrationVersion": {
        "visualization": "7.7.0"
    },
    "references": [
        {
            "id": "fd7e75c0-a4e9-11ea-9f30-35dbdd11e68a",
            "name": "kibanaSavedObjectMeta.searchSourceJSON.index",
            "type": "index-pattern"
        },
        {
            "id": "fd7e75c0-a4e9-11ea-9f30-35dbdd11e68a",
            "name": "kibanaSavedObjectMeta.searchSourceJSON.filter[0].meta.index",
            "type": "index-pattern"
        }
    ],
    "type": "visualization",
    "updated_at": "2020-06-02T16:32:16.904Z",
    "version": "WzI0MSwxXQ=="
}
{
    "attributes": {
        "description": "",
        "hits": 0,
        "kibanaSavedObjectMeta": {
            "searchSourceJSON": "{\"query\":{\"language\":\"kuery\",\"query\":\"\"},\"filter\":[]}"
        },
        "optionsJSON": "{\"hidePanelTitles\":false,\"useMargins\":true}",
        "panelsJSON": "[{\"version\":\"7.7.0\",\"gridData\":{\"h\":11,\"i\":\"7f46bd3f-efe0-4fad-a4e0-1709ab80b281\",\"w\":24,\"x\":0,\"y\":0},\"panelIndex\":\"7f46bd3f-efe0-4fad-a4e0-1709ab80b281\",\"embeddableConfig\":{},\"panelRefName\":\"panel_0\"},{\"version\":\"7.7.0\",\"gridData\":{\"h\":9,\"i\":\"0057baf0-5edb-4809-91d7-a5df0966709d\",\"w\":24,\"x\":24,\"y\":0},\"panelIndex\":\"0057baf0-5edb-4809-91d7-a5df0966709d\",\"embeddableConfig\":{},\"panelRefName\":\"panel_1\"},{\"version\":\"7.7.0\",\"gridData\":{\"h\":15,\"i\":\"e685799e-6f40-4dde-8220-54e46977dd3e\",\"w\":24,\"x\":24,\"y\":9},\"panelIndex\":\"e685799e-6f40-4dde-8220-54e46977dd3e\",\"embeddableConfig\":{},\"panelRefName\":\"panel_2\"},{\"version\":\"7.7.0\",\"gridData\":{\"w\":24,\"h\":15,\"x\":0,\"y\":11,\"i\":\"6d9a1dac-2afb-409c-b286-2b82077e989e\"},\"panelIndex\":\"6d9a1dac-2afb-409c-b286-2b82077e989e\",\"embeddableConfig\":{},\"panelRefName\":\"panel_3\"}]",
        "timeRestore": false,
        "title": "Jenkins",
        "version": 1
    },
    "id": "f8b29900-a4ed-11ea-9f30-35dbdd11e68a",
    "migrationVersion": {
        "dashboard": "7.3.0"
    },
    "references": [
        {
            "id": "c87e8280-a4ed-11ea-9f30-35dbdd11e68a",
            "name": "panel_0",
            "type": "visualization"
        },
        {
            "id": "efb54460-a4ed-11ea-9f30-35dbdd11e68a",
            "name": "panel_1",
            "type": "visualization"
        },
        {
            "id": "171e87f0-a4ee-11ea-9f30-35dbdd11e68a",
            "name": "panel_2",
            "type": "visualization"
        },
        {
            "id": "9f3e1880-a4ee-11ea-9f30-35dbdd11e68a",
            "name": "panel_3",
            "type": "visualization"
        }
    ],
    "type": "dashboard",
    "updated_at": "2020-06-02T16:32:33.408Z",
    "version": "WzI0MiwxXQ=="
}
{
    "exportedCount": 6,
    "missingRefCount": 0,
    "missingReferences": []
}