{
    "variables" : {
        "region" : "AWS REGION",
        "aws_profile": "AWS PROFILE",
        "source_ami" : "AMAZON LINUX AMI 2 ID",
        "instance_type": "INSTANCE TYPE",
        "ssh_key": "PRIVATE SSH KEY"
    },
    "builders" : [
        {
            "type" : "amazon-ebs",
            "profile" : "{{user `aws_profile`}}",
            "region" : "{{user `region`}}",
            "instance_type" : "{{user `instance_type`}}",
            "source_ami" : "{{user `source_ami`}}",
            "ssh_username" : "ec2-user",
            "ami_name" : "jenkins-master-2.204.1",
            "ami_description" : "Amazon Linux Image with Jenkins Server",
            "run_tags" : {
                "Name" : "packer-builder"
            }
        }
    ],
    "provisioners" : [
        {
            "type" : "file",
            "source" : "./scripts",
            "destination" : "/tmp/"
        },
        {
            "type" : "file",
            "source" : "./config",
            "destination" : "/tmp/"
        },
        {
            "type" : "file",
            "source" : "{{user `ssh_key`}}",
            "destination" : "/tmp/id_rsa"
        },
        {
            "type" : "shell",
            "script" : "./setup.sh",
            "execute_command" : "sudo -E -S sh '{{ .Path }}'"
        }
    ]
}