{
    "annotations": {
      "list": [
        {
          "builtIn": 1,
          "datasource": "-- Grafana --",
          "enable": true,
          "hide": true,
          "iconColor": "rgba(0, 211, 255, 1)",
          "name": "Annotations & Alerts",
          "type": "dashboard"
        }
      ]
    },
    "editable": true,
    "gnetId": null,
    "graphTooltip": 0,
    "id": 1,
    "links": [],
    "panels": [
      {
        "aliasColors": {},
        "bars": false,
        "dashLength": 10,
        "dashes": false,
        "datasource": "Instances",
        "fieldConfig": {
          "defaults": {
            "custom": {}
          },
          "overrides": []
        },
        "fill": 1,
        "fillGradient": 0,
        "gridPos": {
          "h": 8,
          "w": 12,
          "x": 0,
          "y": 0
        },
        "hiddenSeries": false,
        "id": 6,
        "legend": {
          "alignAsTable": false,
          "avg": false,
          "current": false,
          "max": false,
          "min": false,
          "rightSide": true,
          "show": true,
          "total": false,
          "values": false
        },
        "lines": true,
        "linewidth": 1,
        "nullPointMode": "connected",
        "options": {
          "dataLinks": []
        },
        "percentage": false,
        "pointradius": 2,
        "points": false,
        "renderer": "flot",
        "seriesOverrides": [
          {
            "alias": "/user/",
            "transform": "negative-Y"
          }
        ],
        "spaceLength": 10,
        "stack": false,
        "steppedLine": false,
        "targets": [
          {
            "alias": "[[tag_host]] system",
            "groupBy": [
              {
                "params": [
                  "$__interval"
                ],
                "type": "time"
              },
              {
                "params": [
                  "host"
                ],
                "type": "tag"
              },
              {
                "params": [
                  "null"
                ],
                "type": "fill"
              }
            ],
            "measurement": "cpu_vm",
            "orderByTime": "ASC",
            "policy": "default",
            "refId": "A",
            "resultFormat": "time_series",
            "select": [
              [
                {
                  "params": [
                    "usage_system"
                  ],
                  "type": "field"
                },
                {
                  "params": [],
                  "type": "mean"
                }
              ]
            ],
            "tags": [
              {
                "key": "hostname",
                "operator": "=",
                "value": "Jenkins"
              }
            ]
          },
          {
            "alias": "[[tag_host]] user",
            "groupBy": [
              {
                "params": [
                  "$__interval"
                ],
                "type": "time"
              },
              {
                "params": [
                  "host"
                ],
                "type": "tag"
              },
              {
                "params": [
                  "null"
                ],
                "type": "fill"
              }
            ],
            "measurement": "cpu_vm",
            "orderByTime": "ASC",
            "policy": "default",
            "refId": "B",
            "resultFormat": "time_series",
            "select": [
              [
                {
                  "params": [
                    "usage_user"
                  ],
                  "type": "field"
                },
                {
                  "params": [],
                  "type": "mean"
                }
              ]
            ],
            "tags": [
              {
                "key": "hostname",
                "operator": "=",
                "value": "Jenkins"
              }
            ]
          }
        ],
        "thresholds": [],
        "timeFrom": null,
        "timeRegions": [],
        "timeShift": null,
        "title": "CPU Usage",
        "tooltip": {
          "shared": true,
          "sort": 0,
          "value_type": "individual"
        },
        "type": "graph",
        "xaxis": {
          "buckets": null,
          "mode": "time",
          "name": null,
          "show": true,
          "values": []
        },
        "yaxes": [
          {
            "format": "percent",
            "label": null,
            "logBase": 1,
            "max": null,
            "min": null,
            "show": true
          },
          {
            "format": "short",
            "label": null,
            "logBase": 1,
            "max": null,
            "min": null,
            "show": true
          }
        ],
        "yaxis": {
          "align": false,
          "alignLevel": null
        }
      },
      {
        "aliasColors": {},
        "bars": false,
        "dashLength": 10,
        "dashes": false,
        "datasource": "Containers",
        "fieldConfig": {
          "defaults": {
            "custom": {
              "align": null
            },
            "mappings": [],
            "thresholds": {
              "mode": "absolute",
              "steps": [
                {
                  "color": "green",
                  "value": null
                },
                {
                  "color": "red",
                  "value": 80
                }
              ]
            }
          },
          "overrides": []
        },
        "fill": 1,
        "fillGradient": 0,
        "gridPos": {
          "h": 8,
          "w": 12,
          "x": 12,
          "y": 0
        },
        "hiddenSeries": false,
        "id": 4,
        "legend": {
          "avg": false,
          "current": false,
          "max": false,
          "min": false,
          "show": true,
          "total": false,
          "values": false
        },
        "lines": true,
        "linewidth": 1,
        "nullPointMode": "null",
        "options": {
          "dataLinks": []
        },
        "percentage": false,
        "pluginVersion": "7.0.1",
        "pointradius": 2,
        "points": false,
        "renderer": "flot",
        "seriesOverrides": [],
        "spaceLength": 10,
        "stack": false,
        "steppedLine": false,
        "targets": [
          {
            "alias": "[[tag_container_name]]",
            "groupBy": [
              {
                "params": [
                  "$__interval"
                ],
                "type": "time"
              },
              {
                "params": [
                  "container_name"
                ],
                "type": "tag"
              },
              {
                "params": [
                  "null"
                ],
                "type": "fill"
              }
            ],
            "measurement": "docker_container_status_docker",
            "orderByTime": "ASC",
            "policy": "default",
            "query": "SELECT mean(\"uptime_ns\") FROM \"docker_container_status_docker\" WHERE (\"hostname\" = 'Jenkins') AND $timeFilter GROUP BY time($__interval), \"container_name\" fill(null)",
            "rawQuery": true,
            "refId": "A",
            "resultFormat": "time_series",
            "select": [
              [
                {
                  "params": [
                    "uptime_ns"
                  ],
                  "type": "field"
                },
                {
                  "params": [],
                  "type": "mean"
                }
              ]
            ],
            "tags": [
              {
                "key": "hostname",
                "operator": "=",
                "value": "Jenkins"
              }
            ]
          }
        ],
        "thresholds": [],
        "timeFrom": null,
        "timeRegions": [],
        "timeShift": null,
        "title": "Build Containers",
        "tooltip": {
          "shared": true,
          "sort": 0,
          "value_type": "individual"
        },
        "type": "graph",
        "xaxis": {
          "buckets": null,
          "mode": "time",
          "name": null,
          "show": true,
          "values": []
        },
        "yaxes": [
          {
            "format": "ns",
            "label": null,
            "logBase": 1,
            "max": null,
            "min": null,
            "show": true
          },
          {
            "format": "short",
            "label": null,
            "logBase": 1,
            "max": null,
            "min": null,
            "show": true
          }
        ],
        "yaxis": {
          "align": false,
          "alignLevel": null
        }
      },
      {
        "aliasColors": {},
        "bars": true,
        "dashLength": 10,
        "dashes": false,
        "datasource": "Instances",
        "fieldConfig": {
          "defaults": {
            "custom": {},
            "mappings": [],
            "thresholds": {
              "mode": "absolute",
              "steps": [
                {
                  "color": "green",
                  "value": null
                },
                {
                  "color": "red",
                  "value": 80
                }
              ]
            }
          },
          "overrides": []
        },
        "fill": 1,
        "fillGradient": 0,
        "gridPos": {
          "h": 8,
          "w": 12,
          "x": 0,
          "y": 8
        },
        "hiddenSeries": false,
        "id": 12,
        "legend": {
          "avg": false,
          "current": false,
          "max": false,
          "min": false,
          "show": true,
          "total": false,
          "values": false
        },
        "lines": true,
        "linewidth": 1,
        "nullPointMode": "null",
        "options": {
          "dataLinks": []
        },
        "percentage": false,
        "pluginVersion": "7.0.1",
        "pointradius": 2,
        "points": false,
        "renderer": "flot",
        "seriesOverrides": [
          {
            "alias": "/received/",
            "transform": "negative-Y"
          }
        ],
        "spaceLength": 10,
        "stack": false,
        "steppedLine": true,
        "targets": [
          {
            "alias": "[[tag_host]] received",
            "groupBy": [
              {
                "params": [
                  "$__interval"
                ],
                "type": "time"
              },
              {
                "params": [
                  "host"
                ],
                "type": "tag"
              },
              {
                "params": [
                  "null"
                ],
                "type": "fill"
              }
            ],
            "measurement": "net_vm",
            "orderByTime": "ASC",
            "policy": "default",
            "refId": "A",
            "resultFormat": "time_series",
            "select": [
              [
                {
                  "params": [
                    "packets_recv"
                  ],
                  "type": "field"
                },
                {
                  "params": [],
                  "type": "mean"
                }
              ]
            ],
            "tags": [
              {
                "key": "hostname",
                "operator": "=",
                "value": "Jenkins"
              }
            ]
          },
          {
            "alias": "[[tag_host]] sent",
            "groupBy": [
              {
                "params": [
                  "$__interval"
                ],
                "type": "time"
              },
              {
                "params": [
                  "host"
                ],
                "type": "tag"
              },
              {
                "params": [
                  "null"
                ],
                "type": "fill"
              }
            ],
            "measurement": "net_vm",
            "orderByTime": "ASC",
            "policy": "default",
            "refId": "B",
            "resultFormat": "time_series",
            "select": [
              [
                {
                  "params": [
                    "packets_sent"
                  ],
                  "type": "field"
                },
                {
                  "params": [],
                  "type": "mean"
                }
              ]
            ],
            "tags": [
              {
                "key": "hostname",
                "operator": "=",
                "value": "Jenkins"
              }
            ]
          }
        ],
        "thresholds": [],
        "timeFrom": null,
        "timeRegions": [],
        "timeShift": null,
        "title": "Network Traffic",
        "tooltip": {
          "shared": true,
          "sort": 0,
          "value_type": "individual"
        },
        "type": "graph",
        "xaxis": {
          "buckets": null,
          "mode": "time",
          "name": null,
          "show": true,
          "values": []
        },
        "yaxes": [
          {
            "format": "pps",
            "label": null,
            "logBase": 1,
            "max": null,
            "min": null,
            "show": true
          },
          {
            "format": "short",
            "label": null,
            "logBase": 1,
            "max": null,
            "min": null,
            "show": true
          }
        ],
        "yaxis": {
          "align": false,
          "alignLevel": null
        }
      },
      {
        "datasource": "Instances",
        "fieldConfig": {
          "defaults": {
            "custom": {},
            "mappings": [],
            "thresholds": {
              "mode": "absolute",
              "steps": [
                {
                  "color": "green",
                  "value": null
                },
                {
                  "color": "red",
                  "value": 80
                }
              ]
            },
            "unit": "percent"
          },
          "overrides": []
        },
        "gridPos": {
          "h": 4,
          "w": 12,
          "x": 12,
          "y": 8
        },
        "id": 2,
        "options": {
          "orientation": "auto",
          "reduceOptions": {
            "calcs": [
              "mean"
            ],
            "values": false
          },
          "showThresholdLabels": false,
          "showThresholdMarkers": true
        },
        "pluginVersion": "7.0.1",
        "targets": [
          {
            "alias": "[[tag_host]]",
            "groupBy": [
              {
                "params": [
                  "$__interval"
                ],
                "type": "time"
              },
              {
                "params": [
                  "host"
                ],
                "type": "tag"
              },
              {
                "params": [
                  "null"
                ],
                "type": "fill"
              }
            ],
            "measurement": "mem_vm",
            "orderByTime": "ASC",
            "policy": "default",
            "query": "SELECT mean(\"used_percent\") FROM \"mem_vm\" WHERE $timeFilter GROUP BY time($__interval), \"host\" fill(null)",
            "rawQuery": true,
            "refId": "A",
            "resultFormat": "time_series",
            "select": [
              [
                {
                  "params": [
                    "used_percent"
                  ],
                  "type": "field"
                },
                {
                  "params": [],
                  "type": "mean"
                }
              ]
            ],
            "tags": []
          }
        ],
        "timeFrom": null,
        "timeShift": null,
        "title": "Memory Utilization",
        "type": "gauge"
      },
      {
        "datasource": "Instances",
        "fieldConfig": {
          "defaults": {
            "custom": {},
            "mappings": [],
            "thresholds": {
              "mode": "absolute",
              "steps": [
                {
                  "color": "green",
                  "value": null
                },
                {
                  "color": "red",
                  "value": 80
                }
              ]
            },
            "unit": "s"
          },
          "overrides": []
        },
        "gridPos": {
          "h": 3,
          "w": 12,
          "x": 12,
          "y": 12
        },
        "id": 8,
        "options": {
          "colorMode": "value",
          "graphMode": "area",
          "justifyMode": "auto",
          "orientation": "auto",
          "reduceOptions": {
            "calcs": [
              "mean"
            ],
            "values": false
          }
        },
        "pluginVersion": "7.0.1",
        "targets": [
          {
            "alias": "[[tag_host]]",
            "groupBy": [
              {
                "params": [
                  "$__interval"
                ],
                "type": "time"
              },
              {
                "params": [
                  "host"
                ],
                "type": "tag"
              },
              {
                "params": [
                  "null"
                ],
                "type": "fill"
              }
            ],
            "measurement": "system_vm",
            "orderByTime": "ASC",
            "policy": "default",
            "refId": "A",
            "resultFormat": "time_series",
            "select": [
              [
                {
                  "params": [
                    "uptime"
                  ],
                  "type": "field"
                },
                {
                  "params": [],
                  "type": "mean"
                }
              ]
            ],
            "tags": []
          }
        ],
        "timeFrom": null,
        "timeShift": null,
        "title": "Uptime",
        "type": "stat"
      },
      {
        "datasource": "Instances",
        "fieldConfig": {
          "defaults": {
            "custom": {},
            "mappings": [],
            "thresholds": {
              "mode": "absolute",
              "steps": [
                {
                  "color": "green",
                  "value": null
                },
                {
                  "color": "red",
                  "value": 80
                }
              ]
            },
            "unit": "none"
          },
          "overrides": []
        },
        "gridPos": {
          "h": 4,
          "w": 6,
          "x": 12,
          "y": 15
        },
        "id": 10,
        "options": {
          "colorMode": "background",
          "graphMode": "none",
          "justifyMode": "auto",
          "orientation": "auto",
          "reduceOptions": {
            "calcs": [
              "max"
            ],
            "values": false
          }
        },
        "pluginVersion": "7.0.1",
        "targets": [
          {
            "groupBy": [
              {
                "params": [
                  "$__interval"
                ],
                "type": "time"
              },
              {
                "params": [
                  "null"
                ],
                "type": "fill"
              }
            ],
            "measurement": "system_vm",
            "orderByTime": "ASC",
            "policy": "default",
            "query": "",
            "rawQuery": false,
            "refId": "A",
            "resultFormat": "time_series",
            "select": [
              [
                {
                  "params": [
                    "n_users"
                  ],
                  "type": "field"
                },
                {
                  "params": [],
                  "type": "count"
                }
              ]
            ],
            "tags": [
              {
                "key": "hostname",
                "operator": "=",
                "value": "Jenkins"
              }
            ]
          }
        ],
        "timeFrom": null,
        "timeShift": null,
        "title": "Jenkins Nodes",
        "type": "stat"
      },
      {
        "datasource": "Containers",
        "fieldConfig": {
          "defaults": {
            "custom": {},
            "mappings": [],
            "thresholds": {
              "mode": "absolute",
              "steps": [
                {
                  "color": "green",
                  "value": null
                },
                {
                  "color": "red",
                  "value": 80
                }
              ]
            }
          },
          "overrides": []
        },
        "gridPos": {
          "h": 4,
          "w": 6,
          "x": 18,
          "y": 15
        },
        "id": 14,
        "options": {
          "colorMode": "value",
          "graphMode": "area",
          "justifyMode": "auto",
          "orientation": "auto",
          "reduceOptions": {
            "calcs": [
              "lastNotNull"
            ],
            "values": false
          }
        },
        "pluginVersion": "7.0.1",
        "targets": [
          {
            "groupBy": [
              {
                "params": [
                  "$__interval"
                ],
                "type": "time"
              },
              {
                "params": [
                  "null"
                ],
                "type": "fill"
              }
            ],
            "measurement": "docker_docker",
            "orderByTime": "ASC",
            "policy": "default",
            "refId": "A",
            "resultFormat": "time_series",
            "select": [
              [
                {
                  "params": [
                    "n_containers_running"
                  ],
                  "type": "field"
                },
                {
                  "params": [],
                  "type": "sum"
                }
              ]
            ],
            "tags": []
          }
        ],
        "timeFrom": null,
        "timeShift": null,
        "title": "Running Containers",
        "type": "stat"
      }
    ],
    "schemaVersion": 25,
    "style": "dark",
    "tags": [],
    "templating": {
      "list": []
    },
    "time": {
      "from": "now-30m",
      "to": "now"
    },
    "timepicker": {
      "refresh_intervals": [
        "10s",
        "30s",
        "1m",
        "5m",
        "15m",
        "30m",
        "1h",
        "2h",
        "1d"
      ]
    },
    "timezone": "",
    "title": "Jenkins Cluster",
    "uid": "cqcCw_zGk",
    "version": 8
  }