{
    "annotations": {
      "list": [
        {
          "builtIn": 1,
          "datasource": "-- Grafana --",
          "enable": true,
          "hide": true,
          "iconColor": "rgba(0, 211, 255, 1)",
          "name": "Annotations & Alerts",
          "type": "dashboard"
        }
      ]
    },
    "description": "",
    "editable": true,
    "gnetId": 9524,
    "graphTooltip": 0,
    "id": 3,
    "iteration": 1591032803919,
    "links": [],
    "panels": [
      {
        "cacheTimeout": null,
        "colorBackground": false,
        "colorValue": false,
        "colors": [
          "rgba(50, 172, 45, 0.97)",
          "rgba(237, 129, 40, 0.89)",
          "rgba(245, 54, 54, 0.9)"
        ],
        "datasource": "$datasource",
        "editable": true,
        "error": false,
        "fieldConfig": {
          "defaults": {
            "custom": {}
          },
          "overrides": []
        },
        "format": "none",
        "gauge": {
          "maxValue": 100,
          "minValue": 0,
          "show": false,
          "thresholdLabels": false,
          "thresholdMarkers": true
        },
        "gridPos": {
          "h": 4,
          "w": 4,
          "x": 0,
          "y": 0
        },
        "id": 12,
        "interval": null,
        "isNew": true,
        "links": [],
        "mappingType": 1,
        "mappingTypes": [
          {
            "name": "value to text",
            "value": 1
          },
          {
            "name": "range to text",
            "value": 2
          }
        ],
        "maxDataPoints": 100,
        "nullPointMode": "connected",
        "nullText": null,
        "postfix": " jobs/min",
        "postfixFontSize": "70%",
        "prefix": "",
        "prefixFontSize": "50%",
        "rangeMaps": [
          {
            "from": "null",
            "text": "N/A",
            "to": "null"
          }
        ],
        "sparkline": {
          "fillColor": "rgba(189, 31, 138, 0.18)",
          "full": false,
          "lineColor": "rgb(151, 31, 193)",
          "show": true
        },
        "tableColumn": "{instance=\"jenkins.slowcoder.com:443\", job=\"jenkins\"}",
        "targets": [
          {
            "expr": "rate(jenkins_job_building_duration_count[1m])",
            "refId": "A"
          }
        ],
        "thresholds": "6,10",
        "title": "Processing speed",
        "type": "singlestat",
        "valueFontSize": "150%",
        "valueMaps": [
          {
            "op": "=",
            "text": "N/A",
            "value": "null"
          }
        ],
        "valueName": "current"
      },
      {
        "aliasColors": {},
        "bars": false,
        "dashLength": 10,
        "dashes": false,
        "datasource": "$datasource",
        "editable": true,
        "error": false,
        "fieldConfig": {
          "defaults": {
            "custom": {}
          },
          "overrides": []
        },
        "fill": 1,
        "fillGradient": 0,
        "grid": {},
        "gridPos": {
          "h": 7,
          "w": 16,
          "x": 4,
          "y": 0
        },
        "hiddenSeries": false,
        "id": 4,
        "isNew": true,
        "legend": {
          "avg": false,
          "current": false,
          "max": false,
          "min": false,
          "show": true,
          "total": false,
          "values": false
        },
        "lines": true,
        "linewidth": 2,
        "links": [],
        "nullPointMode": "connected",
        "options": {
          "dataLinks": []
        },
        "percentage": false,
        "pointradius": 5,
        "points": false,
        "renderer": "flot",
        "seriesOverrides": [],
        "spaceLength": 10,
        "stack": false,
        "steppedLine": false,
        "targets": [
          {
            "expr": "jenkins_job_queuing_duration",
            "interval": "",
            "legendFormat": "",
            "refId": "A"
          }
        ],
        "thresholds": [],
        "timeFrom": null,
        "timeRegions": [],
        "timeShift": null,
        "title": "Job queue duration",
        "tooltip": {
          "msResolution": false,
          "shared": true,
          "sort": 0,
          "value_type": "cumulative"
        },
        "type": "graph",
        "xaxis": {
          "buckets": null,
          "mode": "time",
          "name": null,
          "show": true,
          "values": []
        },
        "yaxes": [
          {
            "format": "short",
            "label": null,
            "logBase": 1,
            "max": null,
            "min": null,
            "show": true
          },
          {
            "format": "short",
            "label": null,
            "logBase": 1,
            "max": null,
            "min": null,
            "show": true
          }
        ],
        "yaxis": {
          "align": false,
          "alignLevel": null
        }
      },
      {
        "cacheTimeout": null,
        "colorBackground": false,
        "colorValue": false,
        "colors": [
          "rgba(245, 54, 54, 0.9)",
          "rgba(237, 129, 40, 0.89)",
          "rgba(50, 172, 45, 0.97)"
        ],
        "datasource": "$datasource",
        "editable": true,
        "error": false,
        "fieldConfig": {
          "defaults": {
            "custom": {}
          },
          "overrides": []
        },
        "format": "none",
        "gauge": {
          "maxValue": 100,
          "minValue": 0,
          "show": false,
          "thresholdLabels": false,
          "thresholdMarkers": true
        },
        "gridPos": {
          "h": 7,
          "w": 4,
          "x": 20,
          "y": 0
        },
        "id": 13,
        "interval": null,
        "isNew": true,
        "links": [],
        "mappingType": 1,
        "mappingTypes": [
          {
            "name": "value to text",
            "value": 1
          },
          {
            "name": "range to text",
            "value": 2
          }
        ],
        "maxDataPoints": 100,
        "nullPointMode": "connected",
        "nullText": null,
        "postfix": " jobs/min",
        "postfixFontSize": "70%",
        "prefix": "",
        "prefixFontSize": "50%",
        "rangeMaps": [
          {
            "from": "null",
            "text": "N/A",
            "to": "null"
          }
        ],
        "sparkline": {
          "fillColor": "rgba(31, 184, 189, 0.18)",
          "full": false,
          "lineColor": "rgb(31, 193, 185)",
          "show": true
        },
        "tableColumn": "{instance=\"jenkins.slowcoder.com:443\", job=\"jenkins\"}",
        "targets": [
          {
            "expr": "rate(jenkins_job_queuing_duration_count[1m])",
            "refId": "A"
          }
        ],
        "thresholds": "",
        "title": "Queued rate",
        "type": "singlestat",
        "valueFontSize": "150%",
        "valueMaps": [
          {
            "op": "=",
            "text": "N/A",
            "value": "null"
          }
        ],
        "valueName": "current"
      },
      {
        "cacheTimeout": null,
        "colorBackground": false,
        "colorValue": false,
        "colors": [
          "rgba(245, 54, 54, 0.9)",
          "rgba(237, 129, 40, 0.89)",
          "rgba(50, 172, 45, 0.97)"
        ],
        "datasource": "$datasource",
        "decimals": 1,
        "editable": true,
        "error": false,
        "fieldConfig": {
          "defaults": {
            "custom": {}
          },
          "overrides": []
        },
        "format": "percent",
        "gauge": {
          "maxValue": 100,
          "minValue": 0,
          "show": false,
          "thresholdLabels": false,
          "thresholdMarkers": true
        },
        "gridPos": {
          "h": 4,
          "w": 4,
          "x": 0,
          "y": 4
        },
        "id": 7,
        "interval": null,
        "isNew": true,
        "links": [],
        "mappingType": 1,
        "mappingTypes": [
          {
            "name": "value to text",
            "value": 1
          },
          {
            "name": "range to text",
            "value": 2
          }
        ],
        "maxDataPoints": 100,
        "nullPointMode": "connected",
        "nullText": null,
        "postfix": "",
        "postfixFontSize": "50%",
        "prefix": "",
        "prefixFontSize": "50%",
        "rangeMaps": [
          {
            "from": "null",
            "text": "N/A",
            "to": "null"
          }
        ],
        "sparkline": {
          "fillColor": "rgba(85, 189, 31, 0.18)",
          "full": false,
          "lineColor": "rgb(60, 193, 31)",
          "show": true
        },
        "tableColumn": "{instance=\"jenkins.slowcoder.com:443\", job=\"jenkins\"}",
        "targets": [
          {
            "expr": "(vm_memory_total_max{job=\"jenkins\"} - vm_memory_total_used{job=\"jenkins\"}) / vm_memory_total_max{job=\"jenkins\"} * 100.0",
            "refId": "A",
            "textEditor": false
          }
        ],
        "thresholds": "",
        "title": "JVM free memory",
        "type": "singlestat",
        "valueFontSize": "100%",
        "valueMaps": [
          {
            "op": "=",
            "text": "N/A",
            "value": "null"
          }
        ],
        "valueName": "current"
      },
      {
        "cacheTimeout": null,
        "colorBackground": false,
        "colorValue": false,
        "colors": [
          "rgba(245, 54, 54, 0.9)",
          "rgba(237, 129, 40, 0.89)",
          "rgba(50, 172, 45, 0.97)"
        ],
        "datasource": "$datasource",
        "decimals": 1,
        "editable": true,
        "error": false,
        "fieldConfig": {
          "defaults": {
            "custom": {}
          },
          "overrides": []
        },
        "format": "ms",
        "gauge": {
          "maxValue": 100,
          "minValue": 0,
          "show": false,
          "thresholdLabels": false,
          "thresholdMarkers": true
        },
        "gridPos": {
          "h": 3,
          "w": 4,
          "x": 4,
          "y": 7
        },
        "id": 6,
        "interval": null,
        "isNew": true,
        "links": [],
        "mappingType": 1,
        "mappingTypes": [
          {
            "name": "value to text",
            "value": 1
          },
          {
            "name": "range to text",
            "value": 2
          }
        ],
        "maxDataPoints": 100,
        "nullPointMode": "connected",
        "nullText": null,
        "postfix": "",
        "postfixFontSize": "50%",
        "prefix": "",
        "prefixFontSize": "50%",
        "rangeMaps": [
          {
            "from": "null",
            "text": "N/A",
            "to": "null"
          }
        ],
        "sparkline": {
          "fillColor": "rgba(31, 118, 189, 0.18)",
          "full": false,
          "lineColor": "rgb(31, 120, 193)",
          "show": false
        },
        "tableColumn": "vm_uptime_milliseconds{instance=\"jenkins.slowcoder.com:443\", job=\"jenkins\"}",
        "targets": [
          {
            "expr": "vm_uptime_milliseconds{job=\"jenkins\"}",
            "refId": "A",
            "textEditor": false
          }
        ],
        "thresholds": "",
        "title": "JVM uptime",
        "type": "singlestat",
        "valueFontSize": "100%",
        "valueMaps": [
          {
            "op": "=",
            "text": "N/A",
            "value": "null"
          }
        ],
        "valueName": "current"
      },
      {
        "cacheTimeout": null,
        "colorBackground": false,
        "colorValue": true,
        "colors": [
          "rgba(245, 54, 54, 0.9)",
          "rgba(237, 129, 40, 0.89)",
          "rgba(50, 172, 45, 0.97)"
        ],
        "datasource": "$datasource",
        "decimals": 1,
        "editable": true,
        "error": false,
        "fieldConfig": {
          "defaults": {
            "custom": {}
          },
          "overrides": []
        },
        "format": "none",
        "gauge": {
          "maxValue": 100,
          "minValue": 0,
          "show": false,
          "thresholdLabels": false,
          "thresholdMarkers": true
        },
        "gridPos": {
          "h": 3,
          "w": 4,
          "x": 8,
          "y": 7
        },
        "id": 8,
        "interval": null,
        "isNew": true,
        "links": [],
        "mappingType": 1,
        "mappingTypes": [
          {
            "name": "value to text",
            "value": 1
          },
          {
            "name": "range to text",
            "value": 2
          }
        ],
        "maxDataPoints": 100,
        "nullPointMode": "connected",
        "nullText": null,
        "postfix": "",
        "postfixFontSize": "50%",
        "prefix": "",
        "prefixFontSize": "50%",
        "rangeMaps": [
          {
            "from": "null",
            "text": "N/A",
            "to": "null"
          }
        ],
        "sparkline": {
          "fillColor": "rgba(31, 118, 189, 0.18)",
          "full": false,
          "lineColor": "rgb(31, 120, 193)",
          "show": false
        },
        "tableColumn": "jenkins_health_check_score{instance=\"jenkins.slowcoder.com:443\", job=\"jenkins\"}",
        "targets": [
          {
            "expr": "jenkins_health_check_score",
            "refId": "A",
            "textEditor": false
          }
        ],
        "thresholds": "1,1",
        "title": "Jenkins health",
        "type": "singlestat",
        "valueFontSize": "100%",
        "valueMaps": [
          {
            "op": "=",
            "text": "Good!",
            "value": "1.0"
          },
          {
            "op": "=",
            "text": "Check :/",
            "value": "*"
          }
        ],
        "valueName": "current"
      },
      {
        "cards": {
          "cardPadding": null,
          "cardRound": null
        },
        "color": {
          "cardColor": "#73BF69",
          "colorScale": "linear",
          "colorScheme": "interpolateRdYlGn",
          "exponent": 0.6,
          "max": 100,
          "min": 50,
          "mode": "spectrum"
        },
        "dataFormat": "timeseries",
        "datasource": "Jenkins",
        "fieldConfig": {
          "defaults": {
            "custom": {
              "align": null
            },
            "mappings": [],
            "thresholds": {
              "mode": "absolute",
              "steps": [
                {
                  "color": "green",
                  "value": null
                },
                {
                  "color": "red",
                  "value": 80
                }
              ]
            }
          },
          "overrides": []
        },
        "gridPos": {
          "h": 6,
          "w": 12,
          "x": 12,
          "y": 7
        },
        "heatmap": {},
        "hideZeroBuckets": false,
        "highlightCards": true,
        "id": 18,
        "legend": {
          "show": false
        },
        "pluginVersion": "7.0.1",
        "reverseYBuckets": false,
        "targets": [
          {
            "expr": "default_jenkins_builds_last_build_result",
            "interval": "",
            "legendFormat": "",
            "refId": "A"
          }
        ],
        "timeFrom": null,
        "timeShift": null,
        "title": "Build Status",
        "tooltip": {
          "show": false,
          "showHistogram": true
        },
        "tooltipDecimals": null,
        "type": "heatmap",
        "xAxis": {
          "show": true
        },
        "xBucketNumber": null,
        "xBucketSize": "5m",
        "yAxis": {
          "decimals": null,
          "format": "short",
          "logBase": 1,
          "max": null,
          "min": null,
          "show": true,
          "splitFactor": null
        },
        "yBucketBound": "auto",
        "yBucketNumber": 5,
        "yBucketSize": null
      },
      {
        "cacheTimeout": null,
        "colorBackground": false,
        "colorValue": false,
        "colors": [
          "rgba(245, 54, 54, 0.9)",
          "rgba(237, 129, 40, 0.89)",
          "rgba(50, 172, 45, 0.97)"
        ],
        "datasource": "$datasource",
        "editable": true,
        "error": false,
        "fieldConfig": {
          "defaults": {
            "custom": {}
          },
          "overrides": []
        },
        "format": "none",
        "gauge": {
          "maxValue": 100,
          "minValue": 0,
          "show": false,
          "thresholdLabels": false,
          "thresholdMarkers": true
        },
        "gridPos": {
          "h": 5,
          "w": 4,
          "x": 0,
          "y": 8
        },
        "height": "",
        "id": 2,
        "interval": null,
        "isNew": true,
        "links": [],
        "mappingType": 1,
        "mappingTypes": [
          {
            "name": "value to text",
            "value": 1
          },
          {
            "name": "range to text",
            "value": 2
          }
        ],
        "maxDataPoints": 100,
        "nullPointMode": "connected",
        "nullText": null,
        "postfix": "",
        "postfixFontSize": "50%",
        "prefix": "",
        "prefixFontSize": "50%",
        "rangeMaps": [
          {
            "from": "null",
            "text": "N/A",
            "to": "null"
          }
        ],
        "sparkline": {
          "fillColor": "rgba(31, 118, 189, 0.18)",
          "full": false,
          "lineColor": "rgb(31, 120, 193)",
          "show": true
        },
        "tableColumn": "jenkins_executor_free_value{instance=\"jenkins.slowcoder.com:443\", job=\"jenkins\"}",
        "targets": [
          {
            "expr": "jenkins_executor_free_value",
            "refId": "A"
          }
        ],
        "thresholds": "",
        "title": "Executor free",
        "type": "singlestat",
        "valueFontSize": "150%",
        "valueMaps": [
          {
            "op": "=",
            "text": "N/A",
            "value": "null"
          }
        ],
        "valueName": "current"
      },
      {
        "datasource": "Jenkins",
        "fieldConfig": {
          "defaults": {
            "custom": {},
            "mappings": [],
            "thresholds": {
              "mode": "absolute",
              "steps": [
                {
                  "color": "green",
                  "value": null
                },
                {
                  "color": "red",
                  "value": 80
                }
              ]
            }
          },
          "overrides": []
        },
        "gridPos": {
          "h": 3,
          "w": 4,
          "x": 4,
          "y": 10
        },
        "id": 15,
        "options": {
          "colorMode": "value",
          "graphMode": "area",
          "justifyMode": "auto",
          "orientation": "auto",
          "reduceOptions": {
            "calcs": [
              "lastNotNull"
            ],
            "values": false
          }
        },
        "pluginVersion": "7.0.1",
        "targets": [
          {
            "expr": "jenkins_job_count_value",
            "interval": "",
            "legendFormat": "",
            "refId": "A"
          }
        ],
        "timeFrom": null,
        "timeShift": null,
        "title": "Number of Jobs",
        "type": "stat"
      },
      {
        "cacheTimeout": null,
        "datasource": "$datasource",
        "fieldConfig": {
          "defaults": {
            "custom": {},
            "mappings": [],
            "thresholds": {
              "mode": "absolute",
              "steps": [
                {
                  "color": "green",
                  "value": null
                }
              ]
            }
          },
          "overrides": []
        },
        "gridPos": {
          "h": 3,
          "w": 4,
          "x": 8,
          "y": 10
        },
        "id": 10,
        "interval": null,
        "links": [],
        "maxDataPoints": 100,
        "options": {
          "colorMode": "value",
          "graphMode": "none",
          "justifyMode": "auto",
          "orientation": "auto",
          "reduceOptions": {
            "calcs": [
              "mean"
            ],
            "values": false
          }
        },
        "pluginVersion": "7.0.1",
        "targets": [
          {
            "expr": "jenkins_plugins_active",
            "interval": "",
            "legendFormat": "",
            "refId": "A",
            "textEditor": false
          }
        ],
        "timeFrom": null,
        "timeShift": null,
        "title": "Installed Plugins",
        "type": "stat"
      },
      {
        "cacheTimeout": null,
        "colorBackground": false,
        "colorValue": false,
        "colors": [
          "rgba(245, 54, 54, 0.9)",
          "rgba(237, 129, 40, 0.89)",
          "rgba(50, 172, 45, 0.97)"
        ],
        "datasource": "$datasource",
        "editable": true,
        "error": false,
        "fieldConfig": {
          "defaults": {
            "custom": {}
          },
          "overrides": []
        },
        "format": "none",
        "gauge": {
          "maxValue": 100,
          "minValue": 0,
          "show": false,
          "thresholdLabels": false,
          "thresholdMarkers": true
        },
        "gridPos": {
          "h": 3,
          "w": 4,
          "x": 0,
          "y": 13
        },
        "height": "",
        "id": 3,
        "interval": null,
        "isNew": true,
        "links": [],
        "mappingType": 1,
        "mappingTypes": [
          {
            "name": "value to text",
            "value": 1
          },
          {
            "name": "range to text",
            "value": 2
          }
        ],
        "maxDataPoints": 100,
        "nullPointMode": "connected",
        "nullText": null,
        "postfix": "",
        "postfixFontSize": "50%",
        "prefix": "",
        "prefixFontSize": "50%",
        "rangeMaps": [
          {
            "from": "null",
            "text": "N/A",
            "to": "null"
          }
        ],
        "sparkline": {
          "fillColor": "rgba(189, 174, 31, 0.18)",
          "full": false,
          "lineColor": "rgb(193, 185, 31)",
          "show": true
        },
        "tableColumn": "jenkins_executor_in_use_value{instance=\"jenkins.slowcoder.com:443\", job=\"jenkins\"}",
        "targets": [
          {
            "expr": "jenkins_executor_in_use_value",
            "refId": "A"
          }
        ],
        "thresholds": "",
        "title": "Executor In-use",
        "type": "singlestat",
        "valueFontSize": "150%",
        "valueMaps": [
          {
            "op": "=",
            "text": "N/A",
            "value": "null"
          }
        ],
        "valueName": "current"
      },
      {
        "cacheTimeout": null,
        "colorBackground": false,
        "colorValue": true,
        "colors": [
          "rgba(245, 54, 54, 0.9)",
          "rgba(237, 129, 40, 0.89)",
          "rgba(50, 172, 45, 0.97)"
        ],
        "datasource": "$datasource",
        "decimals": 1,
        "editable": true,
        "error": false,
        "fieldConfig": {
          "defaults": {
            "custom": {}
          },
          "overrides": []
        },
        "format": "none",
        "gauge": {
          "maxValue": 100,
          "minValue": 0,
          "show": false,
          "thresholdLabels": false,
          "thresholdMarkers": true
        },
        "gridPos": {
          "h": 3,
          "w": 4,
          "x": 4,
          "y": 13
        },
        "id": 9,
        "interval": null,
        "isNew": true,
        "links": [],
        "mappingType": 1,
        "mappingTypes": [
          {
            "name": "value to text",
            "value": 1
          },
          {
            "name": "range to text",
            "value": 2
          }
        ],
        "maxDataPoints": 100,
        "nullPointMode": "connected",
        "nullText": null,
        "postfix": "",
        "postfixFontSize": "50%",
        "prefix": "",
        "prefixFontSize": "50%",
        "rangeMaps": [
          {
            "from": "null",
            "text": "N/A",
            "to": "null"
          }
        ],
        "sparkline": {
          "fillColor": "rgba(31, 118, 189, 0.18)",
          "full": false,
          "lineColor": "rgb(31, 120, 193)",
          "show": false
        },
        "tableColumn": "jenkins_plugins_failed{instance=\"jenkins.slowcoder.com:443\", job=\"jenkins\"}",
        "targets": [
          {
            "expr": "jenkins_plugins_failed",
            "refId": "A",
            "textEditor": false
          }
        ],
        "thresholds": "0,0",
        "title": "Jenkins plugins failed",
        "type": "singlestat",
        "valueFontSize": "100%",
        "valueMaps": [
          {
            "op": "=",
            "text": "None!",
            "value": "0"
          }
        ],
        "valueName": "current"
      },
      {
        "aliasColors": {},
        "bars": false,
        "dashLength": 10,
        "dashes": false,
        "datasource": "$datasource",
        "editable": true,
        "error": false,
        "fieldConfig": {
          "defaults": {
            "custom": {}
          },
          "overrides": []
        },
        "fill": 1,
        "fillGradient": 0,
        "grid": {},
        "gridPos": {
          "h": 7,
          "w": 16,
          "x": 8,
          "y": 13
        },
        "hiddenSeries": false,
        "id": 5,
        "isNew": true,
        "legend": {
          "avg": false,
          "current": false,
          "max": false,
          "min": false,
          "show": true,
          "total": false,
          "values": false
        },
        "lines": true,
        "linewidth": 2,
        "links": [],
        "nullPointMode": "connected",
        "options": {
          "dataLinks": []
        },
        "percentage": false,
        "pointradius": 5,
        "points": false,
        "renderer": "flot",
        "seriesOverrides": [],
        "spaceLength": 10,
        "stack": false,
        "steppedLine": false,
        "targets": [
          {
            "expr": "vm_cpu_load{job=\"jenkins\"}",
            "refId": "A"
          }
        ],
        "thresholds": [],
        "timeFrom": null,
        "timeRegions": [],
        "timeShift": null,
        "title": "Resource usage",
        "tooltip": {
          "msResolution": false,
          "shared": true,
          "sort": 0,
          "value_type": "individual"
        },
        "type": "graph",
        "xaxis": {
          "buckets": null,
          "mode": "time",
          "name": null,
          "show": true,
          "values": []
        },
        "yaxes": [
          {
            "format": "percent",
            "label": "",
            "logBase": 2,
            "max": null,
            "min": null,
            "show": true
          },
          {
            "format": "short",
            "label": "",
            "logBase": 1,
            "max": null,
            "min": null,
            "show": true
          }
        ],
        "yaxis": {
          "align": false,
          "alignLevel": null
        }
      },
      {
        "cacheTimeout": null,
        "colorBackground": false,
        "colorValue": false,
        "colors": [
          "rgba(245, 54, 54, 0.9)",
          "rgba(237, 129, 40, 0.89)",
          "rgba(50, 172, 45, 0.97)"
        ],
        "datasource": "$datasource",
        "decimals": 1,
        "editable": true,
        "error": false,
        "fieldConfig": {
          "defaults": {
            "custom": {}
          },
          "overrides": []
        },
        "format": "none",
        "gauge": {
          "maxValue": 100,
          "minValue": 0,
          "show": false,
          "thresholdLabels": false,
          "thresholdMarkers": true
        },
        "gridPos": {
          "h": 3,
          "w": 4,
          "x": 0,
          "y": 16
        },
        "id": 11,
        "interval": null,
        "isNew": true,
        "links": [],
        "mappingType": 1,
        "mappingTypes": [
          {
            "name": "value to text",
            "value": 1
          },
          {
            "name": "range to text",
            "value": 2
          }
        ],
        "maxDataPoints": 100,
        "nullPointMode": "connected",
        "nullText": null,
        "postfix": "",
        "postfixFontSize": "50%",
        "prefix": "",
        "prefixFontSize": "50%",
        "rangeMaps": [
          {
            "from": "null",
            "text": "N/A",
            "to": "null"
          }
        ],
        "sparkline": {
          "fillColor": "rgba(189, 31, 31, 0.18)",
          "full": false,
          "lineColor": "rgb(193, 31, 31)",
          "show": true
        },
        "tableColumn": "jenkins_queue_size_value{instance=\"jenkins.slowcoder.com:443\", job=\"jenkins\"}",
        "targets": [
          {
            "expr": "jenkins_queue_size_value",
            "refId": "A",
            "textEditor": false
          }
        ],
        "thresholds": "0,0",
        "title": "Jenkins queue size",
        "type": "singlestat",
        "valueFontSize": "100%",
        "valueMaps": [
          {
            "op": "=",
            "text": "N/A",
            "value": "null"
          }
        ],
        "valueName": "current"
      }
    ],
    "refresh": false,
    "schemaVersion": 25,
    "style": "dark",
    "tags": [],
    "templating": {
      "list": [
        {
          "current": {
            "selected": false,
            "text": "Jenkins",
            "value": "Jenkins"
          },
          "hide": 0,
          "includeAll": false,
          "label": null,
          "multi": false,
          "name": "datasource",
          "options": [],
          "query": "prometheus",
          "queryValue": "",
          "refresh": 1,
          "regex": "",
          "skipUrlSync": false,
          "type": "datasource"
        }
      ]
    },
    "time": {
      "from": "now-1h",
      "to": "now"
    },
    "timepicker": {
      "refresh_intervals": [
        "10s",
        "30s",
        "1m",
        "5m",
        "15m",
        "30m",
        "1h",
        "2h",
        "1d"
      ],
      "time_options": [
        "5m",
        "15m",
        "1h",
        "6h",
        "12h",
        "24h",
        "2d",
        "7d",
        "30d"
      ]
    },
    "timezone": "Europe/Paris",
    "title": "Jenkins Cluster Copy",
    "uid": "sS7cIuzGz",
    "version": 1
  }